[{"id":6115862,"title":"Home","order":0,"templateKey":null,"customTemplate":false,"customTemplateFilename":null,"pageLinks":["11929951"],"dateCreated":"2023-12-26T16:42:58.497","dateUpdated":"2023-12-26T17:28:07.040Z","folderId":null,"pageName":"Home_6115862","sectionCount":7,"status":2},{"id":6115866,"title":"Blog Template","order":1,"templateKey":"blog","customTemplate":false,"customTemplateFilename":null,"pageLinks":[""],"dateCreated":"2023-12-26T16:42:59.653","dateUpdated":"2023-12-26T16:42:59.857","folderId":null,"pageName":null,"sectionCount":0,"status":2},{"id":791328306,"title":"Login","order":1,"templateKey":null,"customTemplate":false,"customTemplateFilename":null,"pageLinks":["11929951"],"dateCreated":"2023-12-26T17:28:20.837Z","dateUpdated":"2023-12-31T13:51:02.157Z","folderId":null,"pageName":"Login_791328306","sectionCount":1,"status":2},{"id":671914381,"title":"ForgotPass","order":1.5,"templateKey":null,"customTemplate":false,"customTemplateFilename":null,"pageLinks":["11929951"],"dateCreated":"2023-12-26T17:28:20.837Z","dateUpdated":"2023-12-31T13:54:24.546Z","folderId":null,"pageName":"ForgotPass_671914381","sectionCount":1,"status":2},{"id":6115868,"title":"Post Template","order":2,"templateKey":"post","customTemplate":false,"customTemplateFilename":null,"pageLinks":[""],"dateCreated":"2023-12-26T16:43:00.277","dateUpdated":"2023-12-26T16:43:00.467","folderId":null,"pageName":null,"sectionCount":0,"status":2},{"id":6115869,"title":"Product List Template","order":3,"templateKey":"products","customTemplate":false,"customTemplateFilename":null,"pageLinks":[""],"dateCreated":"2023-12-26T16:43:00.56","dateUpdated":"2023-12-26T16:43:00.747","folderId":null,"pageName":null,"sectionCount":0,"status":2},{"id":6115870,"title":"Product Details Template","order":4,"templateKey":"product","customTemplate":false,"customTemplateFilename":null,"pageLinks":[""],"dateCreated":"2023-12-26T16:43:00.827","dateUpdated":"2023-12-26T16:43:01.013","folderId":null,"pageName":null,"sectionCount":0,"status":2},{"id":6115871,"title":"Shopping Cart Template","order":5,"templateKey":"cart","customTemplate":false,"customTemplateFilename":null,"pageLinks":[""],"dateCreated":"2023-12-26T16:43:01.107","dateUpdated":"2023-12-26T16:43:01.313","folderId":null,"pageName":null,"sectionCount":0,"status":2},{"id":6115872,"title":"Login Template","order":7,"templateKey":"login","customTemplate":false,"customTemplateFilename":null,"pageLinks":[""],"dateCreated":"2023-12-26T16:43:01.403","dateUpdated":"2023-12-26T16:43:01.577","folderId":null,"pageName":null,"sectionCount":0,"status":2},{"id":6115873,"title":"Password Template","order":8,"templateKey":"password","customTemplate":false,"customTemplateFilename":null,"pageLinks":[""],"dateCreated":"2023-12-26T16:43:01.7","dateUpdated":"2023-12-26T16:43:01.857","folderId":null,"pageName":null,"sectionCount":0,"status":2},{"id":6115874,"title":"404 Not Found Template","order":9,"templateKey":"404","customTemplate":false,"customTemplateFilename":null,"pageLinks":[""],"dateCreated":"2023-12-26T16:43:02.077","dateUpdated":"2023-12-26T16:43:02.247","folderId":null,"pageName":null,"sectionCount":0,"status":2},{"id":6115875,"title":"Thank You Template","order":10,"templateKey":"ThankYou","customTemplate":false,"customTemplateFilename":null,"pageLinks":[""],"dateCreated":"2023-12-26T16:43:02.467","dateUpdated":"2023-12-26T16:43:02.637","folderId":null,"pageName":null,"sectionCount":0,"status":2},{"id":62287807,"title":"ChangePass","order":1.75,"templateKey":null,"customTemplate":false,"customTemplateFilename":null,"pageLinks":["11929951"],"dateCreated":"2023-12-26T17:28:20.837Z","dateUpdated":"2023-12-31T13:56:04.274Z","folderId":null,"pageName":"ChangePass_62287807","sectionCount":1,"status":2}]