[{"id":"user-image-SL2.png","fileName":"SL2.png","name":"SL2","publicUrl":"https://assets.nicepagecdn.com/30c07249/6124629/images/SL2.png","size":96020,"hash":"CTsmpbpiyRSuUpE0dtL6mXnqQgM=","width":786,"height":442,"folderId":null,"thumbnail":{"url":"https://assets.nicepagecdn.com/30c07249/6124629/images/thumbnails/SL2.png","width":150,"height":84},"usages":["1994415655"]},{"id":"user-image-Sach1.png","fileName":"Sach1.png","name":"Sach1","publicUrl":"https://assets.nicepagecdn.com/30c07249/6124629/images/Sach1.png","size":57060,"hash":"B37af8Fex+HoDz97JqwO9CEdy3A=","width":790,"height":443,"folderId":null,"thumbnail":{"url":"https://assets.nicepagecdn.com/30c07249/6124629/images/thumbnails/Sach1.png","width":150,"height":84},"usages":["6124631"]},{"id":"user-image-Tl4.png","fileName":"Tl4.png","name":"Tl4","publicUrl":"https://assets.nicepagecdn.com/30c07249/6124629/images/Tl4.png","size":48805,"hash":"b6lzlRWQn1pwIYx8CUw/hP4Dh6c=","width":939,"height":528,"folderId":null,"thumbnail":{"url":"https://assets.nicepagecdn.com/30c07249/6124629/images/thumbnails/Tl4.png","width":150,"height":84},"usages":["6124633"]},{"id":"user-image-TL3.png","fileName":"TL3.png","name":"TL3","publicUrl":"https://assets.nicepagecdn.com/30c07249/6124629/images/TL3.png","size":115542,"hash":"3jKTujG6O0L7wNmP5Me//Yptk+E=","width":936,"height":527,"folderId":null,"thumbnail":{"url":"https://assets.nicepagecdn.com/30c07249/6124629/images/thumbnails/TL3.png","width":150,"height":84},"usages":["6124633"]},{"id":"user-image-TL1-1.png","fileName":"TL1-1.png","name":"TL1-1","publicUrl":"https://assets.nicepagecdn.com/30c07249/6124629/images/TL1-1.png","size":32479,"hash":"jDMJ8/W6c7MpkTayp2zo2hSiE8A=","width":787,"height":442,"folderId":null,"thumbnail":{"url":"https://assets.nicepagecdn.com/30c07249/6124629/images/thumbnails/TL1-1.png","width":150,"height":84},"usages":["6124633"]},{"id":"user-image-TL2.png","fileName":"TL2.png","name":"TL2","publicUrl":"https://assets.nicepagecdn.com/30c07249/6124629/images/TL2.png","size":60171,"hash":"gYSGETTg98aeItivMqgV5NOmnoI=","width":935,"height":522,"folderId":null,"thumbnail":{"url":"https://assets.nicepagecdn.com/30c07249/6124629/images/thumbnails/TL2.png","width":150,"height":84},"usages":["6124633"]},{"id":"user-image-TL1.png","fileName":"TL1.png","name":"TL1","publicUrl":"https://assets.nicepagecdn.com/30c07249/6124629/images/TL1.png","size":48241,"hash":"X+RmzHk04+Fq91aqvpW+xVGxxsM=","width":548,"height":500,"folderId":null,"thumbnail":{"url":"https://assets.nicepagecdn.com/30c07249/6124629/images/thumbnails/TL1.png","width":150,"height":137},"usages":[]},{"id":"user-image-819865.png","fileName":"819865.png","name":"819865","publicUrl":"https://assets.nicepagecdn.com/30c07249/6124629/images/819865.png","size":4156,"hash":"66edDSgZBiaTFCf2PRzuDicj/lo=","width":128,"height":128,"folderId":null,"usages":["6115747","6123500","6124631"],"thumbnail":{"url":"https://assets.nicepagecdn.com/30c07249/6124629/images/819865.png","width":128,"height":128}},{"id":"user-image-13469756.png","fileName":"13469756.png","name":"13469756","publicUrl":"https://assets.nicepagecdn.com/30c07249/6124629/images/13469756.png","size":2855,"hash":"VOU1XRYkbn2zwi2rtCtMItucQUU=","width":128,"height":128,"folderId":null,"usages":["6115747","6123500","6124631"],"thumbnail":{"url":"https://assets.nicepagecdn.com/30c07249/6124629/images/13469756.png","width":128,"height":128}},{"id":"user-image-223404.png","fileName":"223404.png","name":"223404","publicUrl":"https://assets.nicepagecdn.com/30c07249/6124629/images/223404.png","size":2202,"hash":"/+fn6562l9ihxtFDlRmdQm5bzdI=","width":128,"height":128,"folderId":null,"usages":["6115747","6123500","6124631"],"thumbnail":{"url":"https://assets.nicepagecdn.com/30c07249/6124629/images/223404.png","width":128,"height":128}},{"id":"user-image-1584808.png","fileName":"1584808.png","name":"1584808","publicUrl":"https://assets.nicepagecdn.com/30c07249/6124629/images/1584808.png","size":5249,"hash":"Duuaut9y5X1g9x+mxmwLYEWMinM=","width":128,"height":128,"folderId":null,"usages":[],"thumbnail":{"url":"https://assets.nicepagecdn.com/30c07249/6124629/images/1584808.png","width":128,"height":128}},{"id":"user-image-1077063.png","fileName":"1077063.png","name":"1077063","publicUrl":"https://assets.nicepagecdn.com/30c07249/6124629/images/1077063.png","size":3753,"hash":"mXKiEn6VHpDVaS8JSOumMC3ANsI=","width":128,"height":128,"folderId":null,"usages":["6115747","6123500","6124631"],"thumbnail":{"url":"https://assets.nicepagecdn.com/30c07249/6124629/images/1077063.png","width":128,"height":128}},{"id":"user-image-709586.png","fileName":"709586.png","name":"709586","publicUrl":"https://assets.nicepagecdn.com/30c07249/6124629/images/709586.png","size":1820,"hash":"tBkwGlDVVung4DUw2xkwGL9+4Vc=","width":128,"height":128,"folderId":null,"usages":["6115747","6123500","6124631","1994415655"],"thumbnail":{"url":"https://assets.nicepagecdn.com/30c07249/6124629/images/709586.png","width":128,"height":128}},{"id":"user-image-12534756.png","fileName":"12534756.png","name":"12534756","publicUrl":"https://assets.nicepagecdn.com/30c07249/6124629/images/12534756.png","size":3713,"hash":"ypeEKEMlNrYwO+oac8xlYRXxF+Y=","width":128,"height":128,"folderId":null,"usages":["82454210","6115748","6124632"],"thumbnail":{"url":"https://assets.nicepagecdn.com/30c07249/6124629/images/12534756.png","width":128,"height":128}},{"id":"user-image-4838646.png","fileName":"4838646.png","name":"4838646","publicUrl":"https://assets.nicepagecdn.com/30c07249/6124629/images/4838646.png","size":2509,"hash":"SqWpE0RXLGMNfSbNzQwYPSaQCJA=","width":128,"height":128,"folderId":null,"usages":[],"thumbnail":{"url":"https://assets.nicepagecdn.com/30c07249/6124629/images/4838646.png","width":128,"height":128}},{"id":"user-image-6500779.png","fileName":"6500779.png","name":"6500779","publicUrl":"https://assets.nicepagecdn.com/30c07249/6124629/images/6500779.png","size":2578,"hash":"vwYjeLlFRdvmRxlWxnB19wSgg7g=","width":128,"height":128,"folderId":null,"usages":["82454210","6115748","6124632"],"thumbnail":{"url":"https://assets.nicepagecdn.com/30c07249/6124629/images/6500779.png","width":128,"height":128}},{"id":"user-image-9316720.png","fileName":"9316720.png","name":"9316720","publicUrl":"https://assets.nicepagecdn.com/30c07249/6124629/images/9316720.png","size":2612,"hash":"8xRnGFSeNr8w1fR5wQlvCYb+1Zw=","width":128,"height":128,"folderId":null,"usages":["82454210","6115748","6124632"],"thumbnail":{"url":"https://assets.nicepagecdn.com/30c07249/6124629/images/9316720.png","width":128,"height":128}},{"id":"user-image-566565.png","fileName":"566565.png","name":"566565","publicUrl":"https://assets.nicepagecdn.com/30c07249/6124629/images/566565.png","size":3667,"hash":"2YmPVhMOSSO3ey6UM0M8bqmntdA=","width":128,"height":128,"folderId":null,"usages":["82454210","6115748","6124632"],"thumbnail":{"url":"https://assets.nicepagecdn.com/30c07249/6124629/images/566565.png","width":128,"height":128}},{"id":"user-image-159832.png","fileName":"159832.png","name":"159832","publicUrl":"https://assets.nicepagecdn.com/30c07249/6124629/images/159832.png","size":3050,"hash":"6tN7b3GIuOknnSXcPvdMuWaJcqo=","width":128,"height":128,"folderId":null,"usages":["82454210","6115748","6124632"],"thumbnail":{"url":"https://assets.nicepagecdn.com/30c07249/6124629/images/159832.png","width":128,"height":128}},{"id":"user-image-a36edfbe511b59c0305b885240a0ca81.png","fileName":"a36edfbe511b59c0305b885240a0ca81.png","name":"a36edfbe511b59c0305b885240a0ca81","publicUrl":"https://assets.nicepagecdn.com/30c07249/6124629/images/a36edfbe511b59c0305b885240a0ca81.png","size":88970,"hash":"niS2rKNu375RG1nAMFuIUkCgyoE=","width":1000,"height":893,"folderId":null,"usages":["82454210","6115748","6124632"],"thumbnail":{"url":"https://assets.nicepagecdn.com/30c07249/6124629/images/a36edfbe511b59c0305b885240a0ca81.png","width":1000,"height":893}},{"id":"user-image-2a424ad7ce1f9ff91600057e03b580ab.png","fileName":"2a424ad7ce1f9ff91600057e03b580ab.png","name":"2a424ad7ce1f9ff91600057e03b580ab","publicUrl":"https://assets.nicepagecdn.com/30c07249/6124629/images/2a424ad7ce1f9ff91600057e03b580ab.png","size":86559,"hash":"FgIitipCStfOH5/5FgAFfgO1gKs=","width":999,"height":893,"folderId":null,"usages":["82454210","6115748","6124632"],"thumbnail":{"url":"https://assets.nicepagecdn.com/30c07249/6124629/images/2a424ad7ce1f9ff91600057e03b580ab.png","width":999,"height":893}},{"id":"user-image-892528.png","fileName":"892528.png","name":"892528","publicUrl":"https://assets.nicepagecdn.com/30c07249/6124629/images/892528.png","size":1166,"hash":"Gw7ZZcbVJzrh8zHp1exYQc4oYAE=","width":128,"height":128,"folderId":null,"usages":["1415310954"],"thumbnail":{"url":"https://assets.nicepagecdn.com/30c07249/6124629/images/892528.png","width":128,"height":128}},{"id":"user-image-1946488.png","fileName":"1946488.png","name":"1946488","publicUrl":"https://assets.nicepagecdn.com/30c07249/6124629/images/1946488.png","size":1909,"hash":"jTSzt45yey34y5U2KQdkeKUOkv4=","width":128,"height":128,"folderId":null,"usages":["1415310954","6115747","6123500","6124631","1994415655"],"thumbnail":{"url":"https://assets.nicepagecdn.com/30c07249/6124629/images/1946488.png","width":128,"height":128}},{"id":"user-image-ff2f43b15327b7951fe53d6b09cfc0d8f79c5eeaac4f5651cd77a56a0720bb20919c88e754101c81d2fd2d447d12d8c60365f0a308e227a243337f_1280.jpg","fileName":"ff2f43b15327b7951fe53d6b09cfc0d8f79c5eeaac4f5651cd77a56a0720bb20919c88e754101c81d2fd2d447d12d8c60365f0a308e227a243337f_1280.jpg","name":"ff2f43b15327b7951fe53d6b09cfc0d8f79c5eeaac4f5651cd77a56a0720bb20919c88e754101c81d2fd2d447d12d8c60365f0a308e227a243337f_1280","publicUrl":"https://assets.nicepagecdn.com/30c07249/6124629/images/ff2f43b15327b7951fe53d6b09cfc0d8f79c5eeaac4f5651cd77a56a0720bb20919c88e754101c81d2fd2d447d12d8c60365f0a308e227a243337f_1280.jpg","size":124461,"hash":"S2bkon08EgpQloDcilc+4Qg/7Ts=","width":1280,"height":853,"folderId":null,"usages":["1415310954","6115747","6123500"],"thumbnail":{"url":"https://assets.nicepagecdn.com/30c07249/6124629/images/ff2f43b15327b7951fe53d6b09cfc0d8f79c5eeaac4f5651cd77a56a0720bb20919c88e754101c81d2fd2d447d12d8c60365f0a308e227a243337f_1280.jpg","width":1280,"height":853}},{"id":"user-image-3128304.png","fileName":"3128304.png","name":"3128304","publicUrl":"https://assets.nicepagecdn.com/30c07249/6124629/images/3128304.png","size":1306,"hash":"eo7f2WuACbIB1ihBz2Dr39WuJvY=","width":128,"height":128,"folderId":null,"usages":[],"thumbnail":{"url":"https://assets.nicepagecdn.com/30c07249/6124629/images/3128304.png","width":128,"height":128}},{"id":"user-image-Vector.svg","fileName":"Vector.svg","name":"Vector","publicUrl":"https://assets.nicepagecdn.com/30c07249/6124629/images/Vector.svg","size":879,"hash":"kocLF/N9UZHzlceaHvYG6E4fpQ4=","width":19,"height":19,"folderId":null,"usages":[],"thumbnail":{"url":"https://assets.nicepagecdn.com/30c07249/6124629/images/Vector.svg","width":19,"height":19}},{"id":"user-image-Instagram.svg","fileName":"Instagram.svg","name":"Instagram","publicUrl":"https://assets.nicepagecdn.com/30c07249/6124629/images/Instagram.svg","size":1439,"hash":"oFNu5ObvuXVEm5eY6aoTdhoyf1o=","width":21,"height":21,"folderId":null,"usages":[],"thumbnail":{"url":"https://assets.nicepagecdn.com/30c07249/6124629/images/Instagram.svg","width":21,"height":21}},{"id":"user-image-Facebook.svg","fileName":"Facebook.svg","name":"Facebook","publicUrl":"https://assets.nicepagecdn.com/30c07249/6124629/images/Facebook.svg","size":431,"hash":"SOX6sDGr/2K0fTDXufmrCEaMoMQ=","width":10,"height":19,"folderId":null,"usages":[],"thumbnail":{"url":"https://assets.nicepagecdn.com/30c07249/6124629/images/Facebook.svg","width":10,"height":19}},{"id":"user-image-Logo1.png","fileName":"Logo1.png","name":"Logo1","publicUrl":"https://assets.nicepagecdn.com/30c07249/6124629/images/Logo1.png","size":14250,"hash":"4MrErTicz5mytRGFEAPd3xO+Tlw=","width":372,"height":86,"folderId":null,"usages":[],"thumbnail":{"url":"https://assets.nicepagecdn.com/30c07249/6124629/images/Logo1.png","width":372,"height":86}},{"id":"user-image-11929951-0.jpeg","fileName":"11929951-0.jpeg","name":"11929951-0","publicUrl":"https://assets.nicepagecdn.com/30c07249/6124629/images/11929951-0.jpeg","size":415854,"hash":"Zje5Hjh+Q5G/mXkzWYzz+LnlDf4=","width":1553,"height":1000,"folderId":null,"usages":[],"thumbnail":{"url":"https://assets.nicepagecdn.com/30c07249/6124629/images/11929951-0.jpeg","width":1553,"height":1000}},{"id":"user-image-cert.png","fileName":"cert.png","name":"cert","publicUrl":"https://assets.nicepagecdn.com/30c07249/6124629/images/cert.png","size":114782,"hash":"0pujD8Nx93mV8C8Cjp+olYMWmZA=","width":999,"height":893,"folderId":null,"usages":["11929951","82454210","6115748","6124632"],"thumbnail":{"url":"https://assets.nicepagecdn.com/30c07249/6124629/images/cert.png","width":999,"height":893}},{"id":"user-image-lp.jpg","fileName":"lp.jpg","name":"lp","publicUrl":"https://assets.nicepagecdn.com/30c07249/6124629/images/lp.jpg","size":88337,"hash":"NXv1MatWwO2wiqN84Slyjgv4ITA=","width":960,"height":960,"folderId":null,"usages":["11929951"],"thumbnail":{"url":"https://assets.nicepagecdn.com/30c07249/6124629/images/lp.jpg","width":960,"height":960}},{"id":"user-image-FOC_0877.jpg","fileName":"FOC_0877.jpg","name":"FOC_0877","publicUrl":"https://assets.nicepagecdn.com/30c07249/6124629/images/FOC_0877.jpg","size":303987,"hash":"qPujuE7v0mVEKYYQGpd80xWSxNI=","width":1280,"height":1920,"folderId":null,"usages":[],"thumbnail":{"url":"https://assets.nicepagecdn.com/30c07249/6124629/images/FOC_0877.jpg","width":1280,"height":1920}},{"id":"user-image-tamnhin.png","fileName":"tamnhin.png","name":"tamnhin","publicUrl":"https://assets.nicepagecdn.com/30c07249/6124629/images/tamnhin.png","size":17121,"hash":"9N662q5OfcFQIBphRRGQ8up7XLo=","width":500,"height":500,"folderId":null,"usages":["11929951"],"thumbnail":{"url":"https://assets.nicepagecdn.com/30c07249/6124629/images/tamnhin.png","width":500,"height":500}},{"id":"user-image-sumenh.png","fileName":"sumenh.png","name":"sumenh","publicUrl":"https://assets.nicepagecdn.com/30c07249/6124629/images/sumenh.png","size":14789,"hash":"32vCcqVP55JTq9Qy+oOp8HdHAcI=","width":500,"height":500,"folderId":null,"usages":["11929951"],"thumbnail":{"url":"https://assets.nicepagecdn.com/30c07249/6124629/images/sumenh.png","width":500,"height":500}},{"id":"user-image-aim.png","fileName":"aim.png","name":"aim","publicUrl":"https://assets.nicepagecdn.com/30c07249/6124629/images/aim.png","size":16214,"hash":"plD08GiudWH0e5JP4fIf5CXC0zw=","width":500,"height":500,"folderId":null,"usages":["11929951"],"thumbnail":{"url":"https://assets.nicepagecdn.com/30c07249/6124629/images/aim.png","width":500,"height":500}},{"id":"user-image-Logo.png","fileName":"Logo.png","name":"Logo","publicUrl":"https://assets.nicepagecdn.com/30c07249/6124629/images/Logo.png","size":84423,"hash":"hI8brDofsNPmroMQ4z07H2s8bi0=","width":2061,"height":415,"folderId":null,"usages":[],"thumbnail":{"url":"https://assets.nicepagecdn.com/30c07249/6124629/images/Logo.png","width":2061,"height":415}},{"id":"user-image-default-image.jpg","fileName":"default-image.jpg","name":"default-image","publicUrl":"https://assets.nicepagecdn.com/30c07249/6124629/images/default-image.jpg","size":60031,"hash":"vEnMv3oBYu6k0eRAssJrwN15Tv4=","width":2000,"height":1333,"folderId":null,"usages":[],"thumbnail":{"url":"https://assets.nicepagecdn.com/30c07249/6124629/images/default-image.jpg","width":2000,"height":1333}},{"id":"user-image-default-image-32.jpg","fileName":"default-image-32.jpg","name":"default-image-32","publicUrl":"https://assets.nicepagecdn.com/30c07249/6124629/images/default-image-32.jpg","size":60031,"hash":"vEnMv3oBYu6k0eRAssJrwN15Tv4=","width":2000,"height":1333,"folderId":null,"usages":[],"thumbnail":{"url":"https://assets.nicepagecdn.com/30c07249/6124629/images/default-image-32.jpg","width":2000,"height":1333}}]