[{"id":"user-image-1055183.png","fileName":"1055183.png","name":"1055183","publicUrl":"https://assets.nicepagecdn.com/30c07249/6115861/images/1055183.png","size":1515,"hash":"OEn5S33j5y/xWDy7SPITN0ECQME=","width":128,"height":128,"folderId":null,"thumbnail":{"url":"https://assets.nicepagecdn.com/30c07249/6115861/images/1055183.png","width":128,"height":128},"usages":["127801953","66098335"]},{"id":"user-image-748122.png","fileName":"748122.png","name":"748122","publicUrl":"https://assets.nicepagecdn.com/30c07249/6115861/images/748122.png","size":1226,"hash":"7YNE8U193AHHCb0astPLsaJQeNE=","width":128,"height":128,"folderId":null,"thumbnail":{"url":"https://assets.nicepagecdn.com/30c07249/6115861/images/748122.png","width":128,"height":128},"usages":["127801953"]},{"id":"user-image-LP-1.jpeg","fileName":"LP-1.jpeg","name":"LP-1","publicUrl":"https://assets.nicepagecdn.com/30c07249/6115861/images/LP-1.jpeg","size":582474,"hash":"j3TCHA8bKCb5rZldxAWoABMlQPE=","width":1920,"height":1920,"folderId":null,"thumbnail":{"url":"https://assets.nicepagecdn.com/30c07249/6115861/images/thumbnails/LP-1.jpeg","width":150,"height":150},"usages":["127801953"]},{"id":"user-image-3596141.png","fileName":"3596141.png","name":"3596141","publicUrl":"https://assets.nicepagecdn.com/30c07249/6115861/images/3596141.png","size":1869,"hash":"Zf4xPDD3twYLV0vO6IJjW3jdrs8=","width":128,"height":128,"folderId":null,"thumbnail":{"url":"https://assets.nicepagecdn.com/30c07249/6115861/images/3596141.png","width":128,"height":128},"usages":["127801953","66098335","71964825"]},{"id":"user-image-2040504.png","fileName":"2040504.png","name":"2040504","publicUrl":"https://assets.nicepagecdn.com/30c07249/6115861/images/2040504.png","size":3784,"hash":"y66SAsW8mhWmcXjQd85XJDalPtA=","width":128,"height":128,"folderId":null,"thumbnail":{"url":"https://assets.nicepagecdn.com/30c07249/6115861/images/2040504.png","width":128,"height":128},"usages":["127801953","66098335","71964825"]},{"id":"user-image-545708.png","fileName":"545708.png","name":"545708","publicUrl":"https://assets.nicepagecdn.com/30c07249/6115861/images/545708.png","size":1179,"hash":"DV+NAcJXRyhH4evfL5KbDFVWEGI=","width":128,"height":128,"folderId":null,"thumbnail":{"url":"https://assets.nicepagecdn.com/30c07249/6115861/images/545708.png","width":128,"height":128},"usages":["127801953","66098335","71964825"]},{"id":"user-image-839860.png","fileName":"839860.png","name":"839860","publicUrl":"https://assets.nicepagecdn.com/30c07249/6115861/images/839860.png","size":2804,"hash":"mLZnt9fVDfPk9nXZ9HNmOVQWQi0=","width":128,"height":128,"folderId":null,"thumbnail":{"url":"https://assets.nicepagecdn.com/30c07249/6115861/images/839860.png","width":128,"height":128},"usages":["127801953","66098335","71964825"]},{"id":"user-image-6583140.png","fileName":"6583140.png","name":"6583140","publicUrl":"https://assets.nicepagecdn.com/30c07249/6115861/images/6583140.png","size":1285,"hash":"I5AabsmvWHaMdQd3gJoEyU2ymIM=","width":128,"height":128,"folderId":null,"thumbnail":{"url":"https://assets.nicepagecdn.com/30c07249/6115861/images/6583140.png","width":128,"height":128},"usages":[]},{"id":"user-image-Logo1ngang.png","fileName":"Logo1ngang.png","name":"Logo1ngang","publicUrl":"https://assets.nicepagecdn.com/30c07249/6115861/images/Logo1ngang.png","size":21911,"hash":"va08PaVEBHmLZKI+XInyaD/zf/A=","width":406,"height":182,"folderId":null,"thumbnail":{"url":"https://assets.nicepagecdn.com/30c07249/6115861/images/thumbnails/Logo1ngang.png","width":150,"height":67},"usages":["791328306"]},{"id":"user-image-819865.png","fileName":"819865.png","name":"819865","publicUrl":"https://assets.nicepagecdn.com/30c07249/6115861/images/819865.png","size":4156,"hash":"66edDSgZBiaTFCf2PRzuDicj/lo=","width":128,"height":128,"folderId":null,"usages":["6115747"],"thumbnail":{"url":"https://assets.nicepagecdn.com/30c07249/6115861/images/819865.png","width":128,"height":128}},{"id":"user-image-13469756.png","fileName":"13469756.png","name":"13469756","publicUrl":"https://assets.nicepagecdn.com/30c07249/6115861/images/13469756.png","size":2855,"hash":"VOU1XRYkbn2zwi2rtCtMItucQUU=","width":128,"height":128,"folderId":null,"usages":["6115747"],"thumbnail":{"url":"https://assets.nicepagecdn.com/30c07249/6115861/images/13469756.png","width":128,"height":128}},{"id":"user-image-223404.png","fileName":"223404.png","name":"223404","publicUrl":"https://assets.nicepagecdn.com/30c07249/6115861/images/223404.png","size":2202,"hash":"/+fn6562l9ihxtFDlRmdQm5bzdI=","width":128,"height":128,"folderId":null,"usages":["6115747"],"thumbnail":{"url":"https://assets.nicepagecdn.com/30c07249/6115861/images/223404.png","width":128,"height":128}},{"id":"user-image-1584808.png","fileName":"1584808.png","name":"1584808","publicUrl":"https://assets.nicepagecdn.com/30c07249/6115861/images/1584808.png","size":5249,"hash":"Duuaut9y5X1g9x+mxmwLYEWMinM=","width":128,"height":128,"folderId":null,"usages":[],"thumbnail":{"url":"https://assets.nicepagecdn.com/30c07249/6115861/images/1584808.png","width":128,"height":128}},{"id":"user-image-1077063.png","fileName":"1077063.png","name":"1077063","publicUrl":"https://assets.nicepagecdn.com/30c07249/6115861/images/1077063.png","size":3753,"hash":"mXKiEn6VHpDVaS8JSOumMC3ANsI=","width":128,"height":128,"folderId":null,"usages":["6115747","127801953","66098335","71964825"],"thumbnail":{"url":"https://assets.nicepagecdn.com/30c07249/6115861/images/1077063.png","width":128,"height":128}},{"id":"user-image-709586.png","fileName":"709586.png","name":"709586","publicUrl":"https://assets.nicepagecdn.com/30c07249/6115861/images/709586.png","size":1820,"hash":"tBkwGlDVVung4DUw2xkwGL9+4Vc=","width":128,"height":128,"folderId":null,"usages":["6115747"],"thumbnail":{"url":"https://assets.nicepagecdn.com/30c07249/6115861/images/709586.png","width":128,"height":128}},{"id":"user-image-12534756.png","fileName":"12534756.png","name":"12534756","publicUrl":"https://assets.nicepagecdn.com/30c07249/6115861/images/12534756.png","size":3713,"hash":"ypeEKEMlNrYwO+oac8xlYRXxF+Y=","width":128,"height":128,"folderId":null,"usages":["82454210","6115748"],"thumbnail":{"url":"https://assets.nicepagecdn.com/30c07249/6115861/images/12534756.png","width":128,"height":128}},{"id":"user-image-4838646.png","fileName":"4838646.png","name":"4838646","publicUrl":"https://assets.nicepagecdn.com/30c07249/6115861/images/4838646.png","size":2509,"hash":"SqWpE0RXLGMNfSbNzQwYPSaQCJA=","width":128,"height":128,"folderId":null,"usages":[],"thumbnail":{"url":"https://assets.nicepagecdn.com/30c07249/6115861/images/4838646.png","width":128,"height":128}},{"id":"user-image-6500779.png","fileName":"6500779.png","name":"6500779","publicUrl":"https://assets.nicepagecdn.com/30c07249/6115861/images/6500779.png","size":2578,"hash":"vwYjeLlFRdvmRxlWxnB19wSgg7g=","width":128,"height":128,"folderId":null,"usages":["82454210","6115748"],"thumbnail":{"url":"https://assets.nicepagecdn.com/30c07249/6115861/images/6500779.png","width":128,"height":128}},{"id":"user-image-9316720.png","fileName":"9316720.png","name":"9316720","publicUrl":"https://assets.nicepagecdn.com/30c07249/6115861/images/9316720.png","size":2612,"hash":"8xRnGFSeNr8w1fR5wQlvCYb+1Zw=","width":128,"height":128,"folderId":null,"usages":["82454210","6115748"],"thumbnail":{"url":"https://assets.nicepagecdn.com/30c07249/6115861/images/9316720.png","width":128,"height":128}},{"id":"user-image-566565.png","fileName":"566565.png","name":"566565","publicUrl":"https://assets.nicepagecdn.com/30c07249/6115861/images/566565.png","size":3667,"hash":"2YmPVhMOSSO3ey6UM0M8bqmntdA=","width":128,"height":128,"folderId":null,"usages":["82454210","6115748"],"thumbnail":{"url":"https://assets.nicepagecdn.com/30c07249/6115861/images/566565.png","width":128,"height":128}},{"id":"user-image-159832.png","fileName":"159832.png","name":"159832","publicUrl":"https://assets.nicepagecdn.com/30c07249/6115861/images/159832.png","size":3050,"hash":"6tN7b3GIuOknnSXcPvdMuWaJcqo=","width":128,"height":128,"folderId":null,"usages":["82454210","6115748"],"thumbnail":{"url":"https://assets.nicepagecdn.com/30c07249/6115861/images/159832.png","width":128,"height":128}},{"id":"user-image-a36edfbe511b59c0305b885240a0ca81.png","fileName":"a36edfbe511b59c0305b885240a0ca81.png","name":"a36edfbe511b59c0305b885240a0ca81","publicUrl":"https://assets.nicepagecdn.com/30c07249/6115861/images/a36edfbe511b59c0305b885240a0ca81.png","size":88970,"hash":"niS2rKNu375RG1nAMFuIUkCgyoE=","width":1000,"height":893,"folderId":null,"usages":["82454210","6115748"],"thumbnail":{"url":"https://assets.nicepagecdn.com/30c07249/6115861/images/a36edfbe511b59c0305b885240a0ca81.png","width":1000,"height":893}},{"id":"user-image-2a424ad7ce1f9ff91600057e03b580ab.png","fileName":"2a424ad7ce1f9ff91600057e03b580ab.png","name":"2a424ad7ce1f9ff91600057e03b580ab","publicUrl":"https://assets.nicepagecdn.com/30c07249/6115861/images/2a424ad7ce1f9ff91600057e03b580ab.png","size":86559,"hash":"FgIitipCStfOH5/5FgAFfgO1gKs=","width":999,"height":893,"folderId":null,"usages":["82454210","6115748"],"thumbnail":{"url":"https://assets.nicepagecdn.com/30c07249/6115861/images/2a424ad7ce1f9ff91600057e03b580ab.png","width":999,"height":893}},{"id":"user-image-892528.png","fileName":"892528.png","name":"892528","publicUrl":"https://assets.nicepagecdn.com/30c07249/6115861/images/892528.png","size":1166,"hash":"Gw7ZZcbVJzrh8zHp1exYQc4oYAE=","width":128,"height":128,"folderId":null,"usages":["1415310954"],"thumbnail":{"url":"https://assets.nicepagecdn.com/30c07249/6115861/images/892528.png","width":128,"height":128}},{"id":"user-image-1946488.png","fileName":"1946488.png","name":"1946488","publicUrl":"https://assets.nicepagecdn.com/30c07249/6115861/images/1946488.png","size":1909,"hash":"jTSzt45yey34y5U2KQdkeKUOkv4=","width":128,"height":128,"folderId":null,"usages":["1415310954","6115747"],"thumbnail":{"url":"https://assets.nicepagecdn.com/30c07249/6115861/images/1946488.png","width":128,"height":128}},{"id":"user-image-ff2f43b15327b7951fe53d6b09cfc0d8f79c5eeaac4f5651cd77a56a0720bb20919c88e754101c81d2fd2d447d12d8c60365f0a308e227a243337f_1280.jpg","fileName":"ff2f43b15327b7951fe53d6b09cfc0d8f79c5eeaac4f5651cd77a56a0720bb20919c88e754101c81d2fd2d447d12d8c60365f0a308e227a243337f_1280.jpg","name":"ff2f43b15327b7951fe53d6b09cfc0d8f79c5eeaac4f5651cd77a56a0720bb20919c88e754101c81d2fd2d447d12d8c60365f0a308e227a243337f_1280","publicUrl":"https://assets.nicepagecdn.com/30c07249/6115861/images/ff2f43b15327b7951fe53d6b09cfc0d8f79c5eeaac4f5651cd77a56a0720bb20919c88e754101c81d2fd2d447d12d8c60365f0a308e227a243337f_1280.jpg","size":124461,"hash":"S2bkon08EgpQloDcilc+4Qg/7Ts=","width":1280,"height":853,"folderId":null,"usages":["1415310954","6115747"],"thumbnail":{"url":"https://assets.nicepagecdn.com/30c07249/6115861/images/ff2f43b15327b7951fe53d6b09cfc0d8f79c5eeaac4f5651cd77a56a0720bb20919c88e754101c81d2fd2d447d12d8c60365f0a308e227a243337f_1280.jpg","width":1280,"height":853}},{"id":"user-image-3128304.png","fileName":"3128304.png","name":"3128304","publicUrl":"https://assets.nicepagecdn.com/30c07249/6115861/images/3128304.png","size":1306,"hash":"eo7f2WuACbIB1ihBz2Dr39WuJvY=","width":128,"height":128,"folderId":null,"usages":[],"thumbnail":{"url":"https://assets.nicepagecdn.com/30c07249/6115861/images/3128304.png","width":128,"height":128}},{"id":"user-image-Vector.svg","fileName":"Vector.svg","name":"Vector","publicUrl":"https://assets.nicepagecdn.com/30c07249/6115861/images/Vector.svg","size":879,"hash":"kocLF/N9UZHzlceaHvYG6E4fpQ4=","width":19,"height":19,"folderId":null,"usages":[],"thumbnail":{"url":"https://assets.nicepagecdn.com/30c07249/6115861/images/Vector.svg","width":19,"height":19}},{"id":"user-image-Instagram.svg","fileName":"Instagram.svg","name":"Instagram","publicUrl":"https://assets.nicepagecdn.com/30c07249/6115861/images/Instagram.svg","size":1439,"hash":"oFNu5ObvuXVEm5eY6aoTdhoyf1o=","width":21,"height":21,"folderId":null,"usages":[],"thumbnail":{"url":"https://assets.nicepagecdn.com/30c07249/6115861/images/Instagram.svg","width":21,"height":21}},{"id":"user-image-Facebook.svg","fileName":"Facebook.svg","name":"Facebook","publicUrl":"https://assets.nicepagecdn.com/30c07249/6115861/images/Facebook.svg","size":431,"hash":"SOX6sDGr/2K0fTDXufmrCEaMoMQ=","width":10,"height":19,"folderId":null,"usages":[],"thumbnail":{"url":"https://assets.nicepagecdn.com/30c07249/6115861/images/Facebook.svg","width":10,"height":19}},{"id":"user-image-Logo1.png","fileName":"Logo1.png","name":"Logo1","publicUrl":"https://assets.nicepagecdn.com/30c07249/6115861/images/Logo1.png","size":14250,"hash":"4MrErTicz5mytRGFEAPd3xO+Tlw=","width":372,"height":86,"folderId":null,"usages":[],"thumbnail":{"url":"https://assets.nicepagecdn.com/30c07249/6115861/images/Logo1.png","width":372,"height":86}},{"id":"user-image-11929951-0.jpeg","fileName":"11929951-0.jpeg","name":"11929951-0","publicUrl":"https://assets.nicepagecdn.com/30c07249/6115861/images/11929951-0.jpeg","size":415854,"hash":"Zje5Hjh+Q5G/mXkzWYzz+LnlDf4=","width":1553,"height":1000,"folderId":null,"usages":[],"thumbnail":{"url":"https://assets.nicepagecdn.com/30c07249/6115861/images/11929951-0.jpeg","width":1553,"height":1000}},{"id":"user-image-cert.png","fileName":"cert.png","name":"cert","publicUrl":"https://assets.nicepagecdn.com/30c07249/6115861/images/cert.png","size":114782,"hash":"0pujD8Nx93mV8C8Cjp+olYMWmZA=","width":999,"height":893,"folderId":null,"usages":["11929951","82454210","6115748","6115862"],"thumbnail":{"url":"https://assets.nicepagecdn.com/30c07249/6115861/images/cert.png","width":999,"height":893}},{"id":"user-image-lp.jpg","fileName":"lp.jpg","name":"lp","publicUrl":"https://assets.nicepagecdn.com/30c07249/6115861/images/lp.jpg","size":88337,"hash":"NXv1MatWwO2wiqN84Slyjgv4ITA=","width":960,"height":960,"folderId":null,"usages":["11929951","6115862"],"thumbnail":{"url":"https://assets.nicepagecdn.com/30c07249/6115861/images/lp.jpg","width":960,"height":960}},{"id":"user-image-FOC_0877.jpg","fileName":"FOC_0877.jpg","name":"FOC_0877","publicUrl":"https://assets.nicepagecdn.com/30c07249/6115861/images/FOC_0877.jpg","size":303987,"hash":"qPujuE7v0mVEKYYQGpd80xWSxNI=","width":1280,"height":1920,"folderId":null,"usages":[],"thumbnail":{"url":"https://assets.nicepagecdn.com/30c07249/6115861/images/FOC_0877.jpg","width":1280,"height":1920}},{"id":"user-image-tamnhin.png","fileName":"tamnhin.png","name":"tamnhin","publicUrl":"https://assets.nicepagecdn.com/30c07249/6115861/images/tamnhin.png","size":17121,"hash":"9N662q5OfcFQIBphRRGQ8up7XLo=","width":500,"height":500,"folderId":null,"usages":["11929951","6115862"],"thumbnail":{"url":"https://assets.nicepagecdn.com/30c07249/6115861/images/tamnhin.png","width":500,"height":500}},{"id":"user-image-sumenh.png","fileName":"sumenh.png","name":"sumenh","publicUrl":"https://assets.nicepagecdn.com/30c07249/6115861/images/sumenh.png","size":14789,"hash":"32vCcqVP55JTq9Qy+oOp8HdHAcI=","width":500,"height":500,"folderId":null,"usages":["11929951","6115862"],"thumbnail":{"url":"https://assets.nicepagecdn.com/30c07249/6115861/images/sumenh.png","width":500,"height":500}},{"id":"user-image-aim.png","fileName":"aim.png","name":"aim","publicUrl":"https://assets.nicepagecdn.com/30c07249/6115861/images/aim.png","size":16214,"hash":"plD08GiudWH0e5JP4fIf5CXC0zw=","width":500,"height":500,"folderId":null,"usages":["11929951","6115862"],"thumbnail":{"url":"https://assets.nicepagecdn.com/30c07249/6115861/images/aim.png","width":500,"height":500}},{"id":"user-image-Logo.png","fileName":"Logo.png","name":"Logo","publicUrl":"https://assets.nicepagecdn.com/30c07249/6115861/images/Logo.png","size":84423,"hash":"hI8brDofsNPmroMQ4z07H2s8bi0=","width":2061,"height":415,"folderId":null,"usages":[],"thumbnail":{"url":"https://assets.nicepagecdn.com/30c07249/6115861/images/Logo.png","width":2061,"height":415}},{"id":"user-image-default-image.jpg","fileName":"default-image.jpg","name":"default-image","publicUrl":"https://assets.nicepagecdn.com/30c07249/6115861/images/default-image.jpg","size":60031,"hash":"vEnMv3oBYu6k0eRAssJrwN15Tv4=","width":2000,"height":1333,"folderId":null,"usages":["6115862"],"thumbnail":{"url":"https://assets.nicepagecdn.com/30c07249/6115861/images/default-image.jpg","width":2000,"height":1333}},{"id":"user-image-default-image-32.jpg","fileName":"default-image-32.jpg","name":"default-image-32","publicUrl":"https://assets.nicepagecdn.com/30c07249/6115861/images/default-image-32.jpg","size":60031,"hash":"vEnMv3oBYu6k0eRAssJrwN15Tv4=","width":2000,"height":1333,"folderId":null,"thumbnail":{"url":"https://assets.nicepagecdn.com/30c07249/6115861/images/default-image-32.jpg","width":2000,"height":1333},"usages":[]}]