[{"id":6123503,"title":"Blog Template","order":1,"templateKey":"blog","customTemplate":false,"customTemplateFilename":null,"pageLinks":[""],"dateCreated":"2023-12-31T16:47:28.49","dateUpdated":"2023-12-31T16:47:28.71","folderId":null,"pageName":null,"sectionCount":0,"status":2},{"id":238921715,"title":"RegisterEvent","order":1,"templateKey":null,"customTemplate":false,"customTemplateFilename":null,"pageLinks":["11929951"],"dateCreated":"2023-12-31T18:50:12.772Z","dateUpdated":"2023-12-31T19:17:47.151Z","folderId":null,"pageName":"RegisterEvent_238921715","sectionCount":1,"status":2},{"id":6123505,"title":"Post Template","order":2,"templateKey":"post","customTemplate":false,"customTemplateFilename":null,"pageLinks":[""],"dateCreated":"2023-12-31T16:47:29.083","dateUpdated":"2023-12-31T16:47:29.257","folderId":null,"pageName":null,"sectionCount":0,"status":2},{"id":6123506,"title":"Product List Template","order":3,"templateKey":"products","customTemplate":false,"customTemplateFilename":null,"pageLinks":[""],"dateCreated":"2023-12-31T16:47:29.35","dateUpdated":"2023-12-31T16:47:29.553","folderId":null,"pageName":null,"sectionCount":0,"status":2},{"id":6123507,"title":"Product Details Template","order":4,"templateKey":"product","customTemplate":false,"customTemplateFilename":null,"pageLinks":[""],"dateCreated":"2023-12-31T16:47:29.693","dateUpdated":"2023-12-31T16:47:29.867","folderId":null,"pageName":null,"sectionCount":0,"status":2},{"id":6123508,"title":"Shopping Cart Template","order":5,"templateKey":"cart","customTemplate":false,"customTemplateFilename":null,"pageLinks":[""],"dateCreated":"2023-12-31T16:47:30.007","dateUpdated":"2023-12-31T16:47:30.227","folderId":null,"pageName":null,"sectionCount":0,"status":2},{"id":6123509,"title":"Login Template","order":7,"templateKey":"login","customTemplate":false,"customTemplateFilename":null,"pageLinks":[""],"dateCreated":"2023-12-31T16:47:30.32","dateUpdated":"2023-12-31T16:47:30.49","folderId":null,"pageName":null,"sectionCount":0,"status":2},{"id":6123510,"title":"Password Template","order":8,"templateKey":"password","customTemplate":false,"customTemplateFilename":null,"pageLinks":[""],"dateCreated":"2023-12-31T16:47:30.583","dateUpdated":"2023-12-31T16:47:30.773","folderId":null,"pageName":null,"sectionCount":0,"status":2},{"id":6123511,"title":"404 Not Found Template","order":9,"templateKey":"404","customTemplate":false,"customTemplateFilename":null,"pageLinks":[""],"dateCreated":"2023-12-31T16:47:30.85","dateUpdated":"2023-12-31T16:47:31.023","folderId":null,"pageName":null,"sectionCount":0,"status":2},{"id":6123512,"title":"Thank You Template","order":10,"templateKey":"ThankYou","customTemplate":false,"customTemplateFilename":null,"pageLinks":[""],"dateCreated":"2023-12-31T16:47:31.1","dateUpdated":"2023-12-31T16:47:31.24","folderId":null,"pageName":null,"sectionCount":0,"status":2},{"id":1259229176,"title":"RegisterMLSA","order":1.5,"templateKey":null,"customTemplate":false,"customTemplateFilename":null,"pageLinks":["11929951"],"dateCreated":"2023-12-31T18:50:12.772Z","dateUpdated":"2023-12-31T19:16:07.643Z","folderId":null,"pageName":"RegisterMLSA_1259229176","sectionCount":1,"status":2}]