[{"id":6123499,"title":"Page 1","order":0,"templateKey":null,"customTemplate":false,"customTemplateFilename":null,"pageLinks":[""],"dateCreated":"2023-12-31T16:47:26.507","dateUpdated":"2023-12-31T16:47:26.757","folderId":null,"pageName":null,"sectionCount":0,"status":2},{"id":6123500,"title":"Page 3","order":0,"templateKey":null,"customTemplate":false,"customTemplateFilename":null,"pageLinks":["11929951"],"dateCreated":"2023-12-31T16:47:26.867","dateUpdated":"2023-12-31T16:54:03.556Z","folderId":null,"pageName":"Page 3_6123500","sectionCount":1,"status":2},{"id":6123501,"title":"DaiSu","order":0,"templateKey":null,"customTemplate":false,"customTemplateFilename":null,"pageLinks":[""],"dateCreated":"2023-12-31T16:47:27.177","dateUpdated":"2023-12-31T16:47:27.367","folderId":null,"pageName":null,"sectionCount":0,"status":2},{"id":6123502,"title":"Page 4","order":0,"templateKey":null,"customTemplate":false,"customTemplateFilename":null,"pageLinks":[""],"dateCreated":"2023-12-31T16:47:27.773","dateUpdated":"2023-12-31T16:47:28.397","folderId":null,"pageName":null,"sectionCount":0,"status":2},{"id":6123503,"title":"Blog Template","order":0,"templateKey":"blog","customTemplate":false,"customTemplateFilename":null,"pageLinks":[""],"dateCreated":"2023-12-31T16:47:28.49","dateUpdated":"2023-12-31T16:47:28.71","folderId":null,"pageName":null,"sectionCount":0,"status":2},{"id":6123504,"title":"Page 2","order":0,"templateKey":null,"customTemplate":false,"customTemplateFilename":null,"pageLinks":["11929951"],"dateCreated":"2023-12-31T16:47:28.833","dateUpdated":"2023-12-31T17:15:59.426Z","folderId":null,"pageName":"Page 2_6123504","sectionCount":2,"status":2},{"id":6123505,"title":"Post Template","order":0,"templateKey":"post","customTemplate":false,"customTemplateFilename":null,"pageLinks":[""],"dateCreated":"2023-12-31T16:47:29.083","dateUpdated":"2023-12-31T16:47:29.257","folderId":null,"pageName":null,"sectionCount":0,"status":2},{"id":6123506,"title":"Product List Template","order":0,"templateKey":"products","customTemplate":false,"customTemplateFilename":null,"pageLinks":[""],"dateCreated":"2023-12-31T16:47:29.35","dateUpdated":"2023-12-31T16:47:29.553","folderId":null,"pageName":null,"sectionCount":0,"status":2},{"id":6123507,"title":"Product Details Template","order":0,"templateKey":"product","customTemplate":false,"customTemplateFilename":null,"pageLinks":[""],"dateCreated":"2023-12-31T16:47:29.693","dateUpdated":"2023-12-31T16:47:29.867","folderId":null,"pageName":null,"sectionCount":0,"status":2},{"id":6123508,"title":"Shopping Cart Template","order":0,"templateKey":"cart","customTemplate":false,"customTemplateFilename":null,"pageLinks":[""],"dateCreated":"2023-12-31T16:47:30.007","dateUpdated":"2023-12-31T16:47:30.227","folderId":null,"pageName":null,"sectionCount":0,"status":2},{"id":6123509,"title":"Login Template","order":0,"templateKey":"login","customTemplate":false,"customTemplateFilename":null,"pageLinks":[""],"dateCreated":"2023-12-31T16:47:30.32","dateUpdated":"2023-12-31T16:47:30.49","folderId":null,"pageName":null,"sectionCount":0,"status":2},{"id":6123510,"title":"Password Template","order":0,"templateKey":"password","customTemplate":false,"customTemplateFilename":null,"pageLinks":[""],"dateCreated":"2023-12-31T16:47:30.583","dateUpdated":"2023-12-31T16:47:30.773","folderId":null,"pageName":null,"sectionCount":0,"status":2},{"id":6123511,"title":"404 Not Found Template","order":0,"templateKey":"404","customTemplate":false,"customTemplateFilename":null,"pageLinks":[""],"dateCreated":"2023-12-31T16:47:30.85","dateUpdated":"2023-12-31T16:47:31.023","folderId":null,"pageName":null,"sectionCount":0,"status":2},{"id":6123512,"title":"Thank You Template","order":0,"templateKey":"ThankYou","customTemplate":false,"customTemplateFilename":null,"pageLinks":[""],"dateCreated":"2023-12-31T16:47:31.1","dateUpdated":"2023-12-31T16:47:31.24","folderId":null,"pageName":null,"sectionCount":0,"status":2}]