[{"id":5783066,"title":"Blog Template","order":1,"templateKey":"blog","customTemplate":false,"customTemplateFilename":null,"pageLinks":[],"dateCreated":"2023-12-03T18:34:00.059Z","dateUpdated":"2023-12-03T18:34:01.053Z","folderId":null,"pageName":"Blog Template","sectionCount":1,"status":2},{"id":906616389,"title":"Post Template","order":2,"templateKey":"post","customTemplate":false,"customTemplateFilename":null,"pageLinks":[],"dateCreated":"2023-12-03T18:34:00.205Z","dateUpdated":"2023-12-03T18:34:01.056Z","folderId":null,"pageName":"Post Template","sectionCount":1,"status":2},{"id":1140102728,"title":"Product List Template","order":3,"templateKey":"products","customTemplate":false,"customTemplateFilename":null,"pageLinks":[],"dateCreated":"2023-12-03T18:34:00.340Z","dateUpdated":"2023-12-03T18:34:01.057Z","folderId":null,"pageName":"Product List Template","sectionCount":1,"status":2},{"id":432211538,"title":"Product Details Template","order":4,"templateKey":"product","customTemplate":false,"customTemplateFilename":null,"pageLinks":[],"dateCreated":"2023-12-03T18:34:00.468Z","dateUpdated":"2023-12-03T18:34:01.057Z","folderId":null,"pageName":"Product Details Template","sectionCount":1,"status":2},{"id":55269263,"title":"Shopping Cart Template","order":5,"templateKey":"cart","customTemplate":false,"customTemplateFilename":null,"pageLinks":[],"dateCreated":"2023-12-03T18:34:00.587Z","dateUpdated":"2023-12-03T18:34:01.057Z","folderId":null,"pageName":"Shopping Cart Template","sectionCount":1,"status":2},{"id":2034025238,"title":"Login Template","order":7,"templateKey":"login","customTemplate":false,"customTemplateFilename":null,"pageLinks":[],"dateCreated":"2023-12-03T18:34:00.785Z","dateUpdated":"2023-12-03T18:34:01.058Z","folderId":null,"pageName":"Login Template","sectionCount":1,"status":2},{"id":199560958,"title":"Password Template","order":8,"templateKey":"password","customTemplate":false,"customTemplateFilename":null,"pageLinks":[],"dateCreated":"2023-12-03T18:34:00.885Z","dateUpdated":"2023-12-03T18:34:01.058Z","folderId":null,"pageName":"Password Template","sectionCount":1,"status":2},{"id":612101679,"title":"404 Not Found Template","order":9,"templateKey":"404","customTemplate":false,"customTemplateFilename":null,"pageLinks":[],"dateCreated":"2023-12-03T18:34:00.938Z","dateUpdated":"2023-12-03T18:34:01.058Z","folderId":null,"pageName":"404 Not Found Template","sectionCount":1,"status":2},{"id":141748655,"title":"Thank You Template","order":10,"templateKey":"ThankYou","customTemplate":false,"customTemplateFilename":null,"pageLinks":[],"dateCreated":"2023-12-03T18:34:00.990Z","dateUpdated":"2023-12-03T18:34:01.059Z","folderId":null,"pageName":"Thank You Template","sectionCount":1,"status":2},{"id":92904718,"title":"Create","order":13,"templateKey":null,"customTemplate":false,"customTemplateFilename":null,"pageLinks":["11929951"],"dateCreated":"2024-01-01T02:35:16.528Z","dateUpdated":"2024-01-01T02:59:05.095Z","folderId":null,"pageName":"Create_92904718","sectionCount":1,"status":2},{"id":43937863,"title":"CreateEvent","order":13.5,"templateKey":null,"customTemplate":false,"customTemplateFilename":null,"pageLinks":["11929951"],"dateCreated":"2024-01-01T02:35:16.528Z","dateUpdated":"2024-01-01T03:19:19.074Z","folderId":null,"pageName":"CreateEvent_43937863","sectionCount":1,"status":2},{"id":189700604,"title":"Page 3","order":14,"templateKey":null,"customTemplate":false,"customTemplateFilename":null,"pageLinks":["11929951"],"dateCreated":"2024-01-01T02:59:38.110Z","dateUpdated":"2024-01-01T03:34:30.599Z","folderId":null,"pageName":"Page 3_189700604","sectionCount":1,"status":2},{"id":957928806,"title":"CreatProject","order":15,"templateKey":null,"customTemplate":false,"customTemplateFilename":null,"pageLinks":["11929951"],"dateCreated":"2024-01-01T02:59:38.110Z","dateUpdated":"2024-01-01T03:31:54.532Z","folderId":null,"pageName":"CreatProject_957928806","sectionCount":1,"status":2}]