[{"id":5783066,"title":"Blog Template","order":1,"templateKey":"blog","customTemplate":false,"customTemplateFilename":null,"pageLinks":[],"dateCreated":"2023-12-03T18:34:00.059Z","dateUpdated":"2023-12-03T18:34:01.053Z","folderId":null,"pageName":"Blog Template","sectionCount":1,"status":2},{"id":906616389,"title":"Post Template","order":2,"templateKey":"post","customTemplate":false,"customTemplateFilename":null,"pageLinks":[],"dateCreated":"2023-12-03T18:34:00.205Z","dateUpdated":"2023-12-03T18:34:01.056Z","folderId":null,"pageName":"Post Template","sectionCount":1,"status":2},{"id":1140102728,"title":"Product List Template","order":3,"templateKey":"products","customTemplate":false,"customTemplateFilename":null,"pageLinks":[],"dateCreated":"2023-12-03T18:34:00.340Z","dateUpdated":"2023-12-03T18:34:01.057Z","folderId":null,"pageName":"Product List Template","sectionCount":1,"status":2},{"id":432211538,"title":"Product Details Template","order":4,"templateKey":"product","customTemplate":false,"customTemplateFilename":null,"pageLinks":[],"dateCreated":"2023-12-03T18:34:00.468Z","dateUpdated":"2023-12-03T18:34:01.057Z","folderId":null,"pageName":"Product Details Template","sectionCount":1,"status":2},{"id":55269263,"title":"Shopping Cart Template","order":5,"templateKey":"cart","customTemplate":false,"customTemplateFilename":null,"pageLinks":[],"dateCreated":"2023-12-03T18:34:00.587Z","dateUpdated":"2023-12-03T18:34:01.057Z","folderId":null,"pageName":"Shopping Cart Template","sectionCount":1,"status":2},{"id":2034025238,"title":"Login Template","order":7,"templateKey":"login","customTemplate":false,"customTemplateFilename":null,"pageLinks":[],"dateCreated":"2023-12-03T18:34:00.785Z","dateUpdated":"2023-12-03T18:34:01.058Z","folderId":null,"pageName":"Login Template","sectionCount":1,"status":2},{"id":199560958,"title":"Password Template","order":8,"templateKey":"password","customTemplate":false,"customTemplateFilename":null,"pageLinks":[],"dateCreated":"2023-12-03T18:34:00.885Z","dateUpdated":"2023-12-03T18:34:01.058Z","folderId":null,"pageName":"Password Template","sectionCount":1,"status":2},{"id":612101679,"title":"404 Not Found Template","order":9,"templateKey":"404","customTemplate":false,"customTemplateFilename":null,"pageLinks":[],"dateCreated":"2023-12-03T18:34:00.938Z","dateUpdated":"2023-12-03T18:34:01.058Z","folderId":null,"pageName":"404 Not Found Template","sectionCount":1,"status":2},{"id":141748655,"title":"Thank You Template","order":10,"templateKey":"ThankYou","customTemplate":false,"customTemplateFilename":null,"pageLinks":[],"dateCreated":"2023-12-03T18:34:00.990Z","dateUpdated":"2023-12-03T18:34:01.059Z","folderId":null,"pageName":"Thank You Template","sectionCount":1,"status":2},{"id":11929951,"title":"Page 1","order":11,"templateKey":null,"customTemplate":false,"customTemplateFilename":null,"pageLinks":["11929951"],"dateCreated":"2023-12-03T18:42:26.122Z","dateUpdated":"2023-12-19T18:34:36.787Z","folderId":null,"pageName":"Page 1_11929951","sectionCount":7,"status":2},{"id":1415310954,"title":"Page 3","order":13,"templateKey":null,"customTemplate":false,"customTemplateFilename":null,"pageLinks":["11929951"],"dateCreated":"2023-12-13T12:42:19.695Z","dateUpdated":"2023-12-19T18:04:33.204Z","folderId":null,"pageName":"Page 3_1415310954","sectionCount":1,"status":2},{"id":63691352,"title":"AutoSend Mail","order":15,"templateKey":null,"customTemplate":false,"customTemplateFilename":null,"pageLinks":["11929951"],"dateCreated":"2023-12-13T12:42:19.695Z","dateUpdated":"2023-12-19T18:09:53.179Z","folderId":null,"pageName":"AutoSend Mail_63691352","sectionCount":1,"status":2},{"id":31001550,"title":"Page 2","order":18,"templateKey":null,"customTemplate":false,"customTemplateFilename":null,"pageLinks":["11929951"],"dateCreated":"2023-12-19T09:52:10.113Z","dateUpdated":"2023-12-19T17:56:13.996Z","folderId":null,"pageName":"Page 2_31001550","sectionCount":1,"status":2},{"id":1258617973,"title":"Page 4","order":19,"templateKey":null,"customTemplate":false,"customTemplateFilename":null,"pageLinks":["11929951"],"dateCreated":"2023-12-19T18:11:19.327Z","dateUpdated":"2023-12-19T18:28:25.949Z","folderId":null,"pageName":"Page 4_1258617973","sectionCount":2,"status":2}]