[{"id":6124631,"title":"Sky","order":0,"templateKey":null,"customTemplate":false,"customTemplateFilename":null,"pageLinks":["11929951"],"dateCreated":"2024-01-01T20:50:30.263","dateUpdated":"2024-01-01T22:49:17.584Z","folderId":null,"pageName":"Sky_6124631","sectionCount":1,"status":2},{"id":6124633,"title":"DuAn","order":0,"templateKey":null,"customTemplate":false,"customTemplateFilename":null,"pageLinks":["11929951"],"dateCreated":"2024-01-01T20:50:31.123","dateUpdated":"2024-01-01T22:42:14.530Z","folderId":null,"pageName":"DuAn_6124633","sectionCount":2,"status":2},{"id":6124634,"title":"Blog Template","order":0,"templateKey":"blog","customTemplate":false,"customTemplateFilename":null,"pageLinks":[""],"dateCreated":"2024-01-01T20:50:31.513","dateUpdated":"2024-01-01T20:50:31.75","folderId":null,"pageName":null,"sectionCount":0,"status":2},{"id":6124636,"title":"Post Template","order":0,"templateKey":"post","customTemplate":false,"customTemplateFilename":null,"pageLinks":[""],"dateCreated":"2024-01-01T20:50:32.31","dateUpdated":"2024-01-01T20:50:32.53","folderId":null,"pageName":null,"sectionCount":0,"status":2},{"id":6124637,"title":"Product List Template","order":0,"templateKey":"products","customTemplate":false,"customTemplateFilename":null,"pageLinks":[""],"dateCreated":"2024-01-01T20:50:32.733","dateUpdated":"2024-01-01T20:50:32.907","folderId":null,"pageName":null,"sectionCount":0,"status":2},{"id":6124638,"title":"Product Details Template","order":0,"templateKey":"product","customTemplate":false,"customTemplateFilename":null,"pageLinks":[""],"dateCreated":"2024-01-01T20:50:33.093","dateUpdated":"2024-01-01T20:50:33.25","folderId":null,"pageName":null,"sectionCount":0,"status":2},{"id":6124639,"title":"Shopping Cart Template","order":0,"templateKey":"cart","customTemplate":false,"customTemplateFilename":null,"pageLinks":[""],"dateCreated":"2024-01-01T20:50:33.453","dateUpdated":"2024-01-01T20:50:33.607","folderId":null,"pageName":null,"sectionCount":0,"status":2},{"id":6124640,"title":"Login Template","order":0,"templateKey":"login","customTemplate":false,"customTemplateFilename":null,"pageLinks":[""],"dateCreated":"2024-01-01T20:50:33.81","dateUpdated":"2024-01-01T20:50:34.013","folderId":null,"pageName":null,"sectionCount":0,"status":2},{"id":6124641,"title":"Password Template","order":0,"templateKey":"password","customTemplate":false,"customTemplateFilename":null,"pageLinks":[""],"dateCreated":"2024-01-01T20:50:34.217","dateUpdated":"2024-01-01T20:50:34.39","folderId":null,"pageName":null,"sectionCount":0,"status":2},{"id":6124642,"title":"404 Not Found Template","order":0,"templateKey":"404","customTemplate":false,"customTemplateFilename":null,"pageLinks":[""],"dateCreated":"2024-01-01T20:50:34.577","dateUpdated":"2024-01-01T20:50:34.75","folderId":null,"pageName":null,"sectionCount":0,"status":2},{"id":6124643,"title":"Thank You Template","order":0,"templateKey":"ThankYou","customTemplate":false,"customTemplateFilename":null,"pageLinks":[""],"dateCreated":"2024-01-01T20:50:34.953","dateUpdated":"2024-01-01T20:50:35.123","folderId":null,"pageName":null,"sectionCount":0,"status":2},{"id":1994415655,"title":"Auto","order":0,"templateKey":null,"customTemplate":false,"customTemplateFilename":null,"pageLinks":["11929951"],"dateCreated":"2024-01-01T20:50:30.263","dateUpdated":"2024-01-01T22:46:52.139Z","folderId":null,"pageName":"Auto_1994415655","sectionCount":1,"status":2}]