[{"id":"user-image-12534756.png","fileName":"12534756.png","name":"12534756","publicUrl":"https://assets.nicepagecdn.com/30c07249/6075021/images/12534756.png","size":3713,"hash":"ypeEKEMlNrYwO+oac8xlYRXxF+Y=","width":128,"height":128,"folderId":null,"thumbnail":{"url":"https://assets.nicepagecdn.com/30c07249/6075021/images/12534756.png","width":128,"height":128},"usages":["82454210"]},{"id":"user-image-4838646.png","fileName":"4838646.png","name":"4838646","publicUrl":"https://assets.nicepagecdn.com/30c07249/6075021/images/4838646.png","size":2509,"hash":"SqWpE0RXLGMNfSbNzQwYPSaQCJA=","width":128,"height":128,"folderId":null,"thumbnail":{"url":"https://assets.nicepagecdn.com/30c07249/6075021/images/4838646.png","width":128,"height":128},"usages":[]},{"id":"user-image-6500779.png","fileName":"6500779.png","name":"6500779","publicUrl":"https://assets.nicepagecdn.com/30c07249/6075021/images/6500779.png","size":2578,"hash":"vwYjeLlFRdvmRxlWxnB19wSgg7g=","width":128,"height":128,"folderId":null,"thumbnail":{"url":"https://assets.nicepagecdn.com/30c07249/6075021/images/6500779.png","width":128,"height":128},"usages":["82454210"]},{"id":"user-image-9316720.png","fileName":"9316720.png","name":"9316720","publicUrl":"https://assets.nicepagecdn.com/30c07249/6075021/images/9316720.png","size":2612,"hash":"8xRnGFSeNr8w1fR5wQlvCYb+1Zw=","width":128,"height":128,"folderId":null,"thumbnail":{"url":"https://assets.nicepagecdn.com/30c07249/6075021/images/9316720.png","width":128,"height":128},"usages":["82454210"]},{"id":"user-image-566565.png","fileName":"566565.png","name":"566565","publicUrl":"https://assets.nicepagecdn.com/30c07249/6075021/images/566565.png","size":3667,"hash":"2YmPVhMOSSO3ey6UM0M8bqmntdA=","width":128,"height":128,"folderId":null,"thumbnail":{"url":"https://assets.nicepagecdn.com/30c07249/6075021/images/566565.png","width":128,"height":128},"usages":["82454210"]},{"id":"user-image-159832.png","fileName":"159832.png","name":"159832","publicUrl":"https://assets.nicepagecdn.com/30c07249/6075021/images/159832.png","size":3050,"hash":"6tN7b3GIuOknnSXcPvdMuWaJcqo=","width":128,"height":128,"folderId":null,"thumbnail":{"url":"https://assets.nicepagecdn.com/30c07249/6075021/images/159832.png","width":128,"height":128},"usages":["82454210"]},{"id":"user-image-a36edfbe511b59c0305b885240a0ca81.png","fileName":"a36edfbe511b59c0305b885240a0ca81.png","name":"a36edfbe511b59c0305b885240a0ca81","publicUrl":"https://assets.nicepagecdn.com/30c07249/6075021/images/a36edfbe511b59c0305b885240a0ca81.png","size":88970,"hash":"niS2rKNu375RG1nAMFuIUkCgyoE=","width":1000,"height":893,"folderId":null,"thumbnail":{"url":"https://assets.nicepagecdn.com/30c07249/6075021/images/thumbnails/a36edfbe511b59c0305b885240a0ca81.png","width":150,"height":134},"usages":["82454210"]},{"id":"user-image-2a424ad7ce1f9ff91600057e03b580ab.png","fileName":"2a424ad7ce1f9ff91600057e03b580ab.png","name":"2a424ad7ce1f9ff91600057e03b580ab","publicUrl":"https://assets.nicepagecdn.com/30c07249/6075021/images/2a424ad7ce1f9ff91600057e03b580ab.png","size":86559,"hash":"FgIitipCStfOH5/5FgAFfgO1gKs=","width":999,"height":893,"folderId":null,"thumbnail":{"url":"https://assets.nicepagecdn.com/30c07249/6075021/images/thumbnails/2a424ad7ce1f9ff91600057e03b580ab.png","width":150,"height":134},"usages":["82454210"]},{"id":"user-image-892528.png","fileName":"892528.png","name":"892528","publicUrl":"https://assets.nicepagecdn.com/30c07249/6075021/images/892528.png","size":1166,"hash":"Gw7ZZcbVJzrh8zHp1exYQc4oYAE=","width":128,"height":128,"folderId":null,"thumbnail":{"url":"https://assets.nicepagecdn.com/30c07249/6075021/images/892528.png","width":128,"height":128},"usages":["1415310954"]},{"id":"user-image-1946488.png","fileName":"1946488.png","name":"1946488","publicUrl":"https://assets.nicepagecdn.com/30c07249/6075021/images/1946488.png","size":1909,"hash":"jTSzt45yey34y5U2KQdkeKUOkv4=","width":128,"height":128,"folderId":null,"thumbnail":{"url":"https://assets.nicepagecdn.com/30c07249/6075021/images/1946488.png","width":128,"height":128},"usages":["1415310954"]},{"id":"user-image-ff2f43b15327b7951fe53d6b09cfc0d8f79c5eeaac4f5651cd77a56a0720bb20919c88e754101c81d2fd2d447d12d8c60365f0a308e227a243337f_1280.jpg","fileName":"ff2f43b15327b7951fe53d6b09cfc0d8f79c5eeaac4f5651cd77a56a0720bb20919c88e754101c81d2fd2d447d12d8c60365f0a308e227a243337f_1280.jpg","name":"ff2f43b15327b7951fe53d6b09cfc0d8f79c5eeaac4f5651cd77a56a0720bb20919c88e754101c81d2fd2d447d12d8c60365f0a308e227a243337f_1280","publicUrl":"https://assets.nicepagecdn.com/30c07249/6075021/images/ff2f43b15327b7951fe53d6b09cfc0d8f79c5eeaac4f5651cd77a56a0720bb20919c88e754101c81d2fd2d447d12d8c60365f0a308e227a243337f_1280.jpg","size":124461,"hash":"S2bkon08EgpQloDcilc+4Qg/7Ts=","width":1280,"height":853,"folderId":null,"thumbnail":{"url":"https://assets.nicepagecdn.com/30c07249/6075021/images/thumbnails/ff2f43b15327b7951fe53d6b09cfc0d8f79c5eeaac4f5651cd77a56a0720bb20919c88e754101c81d2fd2d447d12d8c60365f0a308e227a243337f_1280.jpg","width":150,"height":100},"usages":["1415310954"]},{"id":"user-image-3128304.png","fileName":"3128304.png","name":"3128304","publicUrl":"https://assets.nicepagecdn.com/30c07249/6075021/images/3128304.png","size":1306,"hash":"eo7f2WuACbIB1ihBz2Dr39WuJvY=","width":128,"height":128,"folderId":null,"thumbnail":{"url":"https://assets.nicepagecdn.com/30c07249/6075021/images/3128304.png","width":128,"height":128},"usages":[]},{"id":"user-image-Vector.svg","fileName":"Vector.svg","name":"Vector","publicUrl":"https://assets.nicepagecdn.com/30c07249/6075021/images/Vector.svg","size":879,"hash":"kocLF/N9UZHzlceaHvYG6E4fpQ4=","width":19,"height":19,"folderId":null,"thumbnail":{"url":"https://assets.nicepagecdn.com/30c07249/6075021/images/Vector.svg","width":19,"height":19},"usages":[]},{"id":"user-image-Instagram.svg","fileName":"Instagram.svg","name":"Instagram","publicUrl":"https://assets.nicepagecdn.com/30c07249/6075021/images/Instagram.svg","size":1439,"hash":"oFNu5ObvuXVEm5eY6aoTdhoyf1o=","width":21,"height":21,"folderId":null,"thumbnail":{"url":"https://assets.nicepagecdn.com/30c07249/6075021/images/Instagram.svg","width":21,"height":21},"usages":[]},{"id":"user-image-Facebook.svg","fileName":"Facebook.svg","name":"Facebook","publicUrl":"https://assets.nicepagecdn.com/30c07249/6075021/images/Facebook.svg","size":431,"hash":"SOX6sDGr/2K0fTDXufmrCEaMoMQ=","width":10,"height":19,"folderId":null,"thumbnail":{"url":"https://assets.nicepagecdn.com/30c07249/6075021/images/Facebook.svg","width":10,"height":19},"usages":[]},{"id":"user-image-Logo1.png","fileName":"Logo1.png","name":"Logo1","publicUrl":"https://assets.nicepagecdn.com/30c07249/6075021/images/Logo1.png","size":14250,"hash":"4MrErTicz5mytRGFEAPd3xO+Tlw=","width":372,"height":86,"folderId":null,"thumbnail":{"url":"https://assets.nicepagecdn.com/30c07249/6075021/images/Logo1.png","width":372,"height":86},"usages":[]},{"id":"user-image-11929951-0.jpeg","fileName":"11929951-0.jpeg","name":"11929951-0","publicUrl":"https://assets.nicepagecdn.com/30c07249/6075021/images/11929951-0.jpeg","size":415854,"hash":"Zje5Hjh+Q5G/mXkzWYzz+LnlDf4=","width":1553,"height":1000,"folderId":null,"thumbnail":{"url":"https://assets.nicepagecdn.com/30c07249/6075021/images/thumbnails/11929951-0.jpeg","width":150,"height":97},"usages":[]},{"id":"user-image-cert.png","fileName":"cert.png","name":"cert","publicUrl":"https://assets.nicepagecdn.com/30c07249/6075021/images/cert.png","size":114782,"hash":"0pujD8Nx93mV8C8Cjp+olYMWmZA=","width":999,"height":893,"folderId":null,"thumbnail":{"url":"https://assets.nicepagecdn.com/30c07249/6075021/images/thumbnails/cert.png","width":150,"height":134},"usages":["11929951","82454210"]},{"id":"user-image-lp.jpg","fileName":"lp.jpg","name":"lp","publicUrl":"https://assets.nicepagecdn.com/30c07249/6075021/images/lp.jpg","size":88337,"hash":"NXv1MatWwO2wiqN84Slyjgv4ITA=","width":960,"height":960,"folderId":null,"thumbnail":{"url":"https://assets.nicepagecdn.com/30c07249/6075021/images/thumbnails/lp.jpg","width":150,"height":150},"usages":["11929951"]},{"id":"user-image-FOC_0877.jpg","fileName":"FOC_0877.jpg","name":"FOC_0877","publicUrl":"https://assets.nicepagecdn.com/30c07249/6075021/images/FOC_0877.jpg","size":303987,"hash":"qPujuE7v0mVEKYYQGpd80xWSxNI=","width":1280,"height":1920,"folderId":null,"thumbnail":{"url":"https://assets.nicepagecdn.com/30c07249/6075021/images/thumbnails/FOC_0877.jpg","width":100,"height":150},"usages":[]},{"id":"user-image-tamnhin.png","fileName":"tamnhin.png","name":"tamnhin","publicUrl":"https://assets.nicepagecdn.com/30c07249/6075021/images/tamnhin.png","size":17121,"hash":"9N662q5OfcFQIBphRRGQ8up7XLo=","width":500,"height":500,"folderId":null,"thumbnail":{"url":"https://assets.nicepagecdn.com/30c07249/6075021/images/thumbnails/tamnhin.png","width":150,"height":150},"usages":["11929951"]},{"id":"user-image-sumenh.png","fileName":"sumenh.png","name":"sumenh","publicUrl":"https://assets.nicepagecdn.com/30c07249/6075021/images/sumenh.png","size":14789,"hash":"32vCcqVP55JTq9Qy+oOp8HdHAcI=","width":500,"height":500,"folderId":null,"thumbnail":{"url":"https://assets.nicepagecdn.com/30c07249/6075021/images/thumbnails/sumenh.png","width":150,"height":150},"usages":["11929951"]},{"id":"user-image-aim.png","fileName":"aim.png","name":"aim","publicUrl":"https://assets.nicepagecdn.com/30c07249/6075021/images/aim.png","size":16214,"hash":"plD08GiudWH0e5JP4fIf5CXC0zw=","width":500,"height":500,"folderId":null,"thumbnail":{"url":"https://assets.nicepagecdn.com/30c07249/6075021/images/thumbnails/aim.png","width":150,"height":150},"usages":["11929951"]},{"id":"user-image-Logo.png","fileName":"Logo.png","name":"Logo","publicUrl":"https://assets.nicepagecdn.com/30c07249/6075021/images/Logo.png","size":84423,"hash":"hI8brDofsNPmroMQ4z07H2s8bi0=","width":2061,"height":415,"folderId":null,"thumbnail":{"url":"https://assets.nicepagecdn.com/30c07249/6075021/images/thumbnails/Logo.png","width":150,"height":30},"usages":[]}]